index,grade,reason,reference,text
0,A,,시편 4:8,내가 평안히 눕고 자기도 하리니 나를 안전히 거하게 하시는 이는 오직 여호와시니이다
1,A,,이사야 26:3,주께서 심지가 견고한 자를 평강에 평강으로 지키시리니 이는 그가 주를 의뢰함이니이다
2,A,,잠언 3:5,너는 마음을 다하여 여호와를 의뢰하고 네 명철을 의지하지 말라
3,C,조각,로마서 3:22,곧 예수 그리스도를 믿음으로 말미암아 모든 믿는 자에게 미치는 하나님의 의니 차별이 없느니라
4,C,율법,신명기 28:1,네가 네 하나님 여호와의 말씀을 삼가 듣고 내가 오늘날 네게 명하는 그 모든 명령을 지켜 행하면 네 하나님 여호와께서 너를 세계 모든 민족 위에 뛰어나게 하실 것이라
5,B,,고린도후서 13:13,주 예수 그리스도의 은혜와 하나님의 사랑과 성령의 교통하심이 너희 무리와 함께 있을지어다!
6,C,메타,요한복음 20:31,오직 이것을 기록함은 너희로 예수께서 하나님의 아들 그리스도이심을 믿게 하려 함이요 또 너희로 믿고 그 이름을 힘입어 생명을 얻게 하려 함이니라
7,C,조각,히브리서 13:20,양의 큰 목자이신 우리 주 예수를 영원한 언약의 피로 죽은 자 가운데서 이끌어 내신 평강의 하나님이
8,C,서사,사도행전 2:47,하나님을 찬미하며 또 온 백성에게 칭송을 받으니 주께서 구원 받는 사람을 날마다 더하게 하시니라
9,C,인물,예레미야 15:20,내가 너로 이 백성앞에 견고한 놋 성벽이 되게 하리니 그들이 너를 칠지라도 이기지 못할 것은 내가 저와 함께 하여 너를 구하여 건짐이니라 여호와의 말이니라
10,C,조각,빌립보서 3:20,오직 우리의 시민권은 하늘에 있는지라 거기로서 구원하는 자 곧 주 예수 그리스도를 기다리노니
11,C,서사,역대하 14:6,여호와께서 아사에게 평안을 주셨으므로 그 땅이 평안하여 여러해 싸움이 없은지라 저가 견고한 성읍들을 유다에 건축하니라
12,C,조각,에베소서 1:3,찬송하리로다! 하나님 곧 우리 주 예수 그리스도의 아버지께서 그리스도 안에서 하늘에 속한 모든 신령한 복으로 우리에게 복 주시되
13,B,,누가복음 6:21,이제 주린 자는 복이 있나니 너희가 배부름을 얻을 것임이요 이제 우는 자는 복이 있나니 너희가 웃을 것임이요
14,C,난해,야고보서 2:5,내 사랑하는 형제들아 들을지어다 하나님이 세상에 대하여는 가난한 자를 택하사 믿음에 부요하게 하시고 또 자기를 사랑하는 자들에게 약속하신 나라를 유업으로 받게 아니하셨느냐
15,C,조각,베드로전서 3:15,너희 마음에 그리스도를 주로 삼아 거룩하게 하고 너희 속에 있는 소망에 관한 이유를 묻는 자에게는 대답할 것을 항상 예비하되 온유와 두려움으로 하고
16,C,난해,마태복음 12:18,보라 나의 택한 종 곧 내 마음에 기뻐하는 바 나의 사랑하는 자로다 내가 내 성령을 줄 터이니 그가 심판을 이방에 알게 하리라
17,C,인물,사무엘하 7:27,"만군의 여호와 이스라엘의 하나님이여, 주의 종에게 알게 하여 이르시기를 내가 너를 위하여 집을 세우리라 하신고로 주의 종이 이 기도로 구할 마음이 생겼나이다"
18,C,서사,사무엘상 26:24,오늘날 왕의 생명을 내가 중히 여긴 것 같이 내 생명을 여호와께서 중히 여기셔서 모든 환난에서 나를 구하여 내시기를 바라나이다
19,B,,디모데전서 1:14,우리 주의 은혜가 그리스도 예수 안에 있는 믿음과 사랑과 함께 넘치도록 풍성하였도다
20,C,서사,역대상 29:9,백성이 자기의 즐거이 드림으로 기뻐하였으니 곧 저희가 성심으로 여호와께 즐거이 드림이며 다윗 왕도 기쁨을 이기지 못하여 하니라
21,A,,갈라디아서 6:9,우리가 선을 행하되 낙심하지 말지니 피곤하지 아니하면 때가 이르매 거두리라
22,A,,출애굽기 15:2,"여호와는 나의 힘이요, 노래시며, 나의 구원이시로다 그는 나의 하나님이시니 내가 그를 찬송할 것이요 내 아비의 하나님이시니 내가 그를 높이리로다"
23,B,,여호수아 23:11,그러므로 스스로 조심하여 너희 하나님 여호와를 사랑하라!
24,B,,골로새서 4:2,기도를 항상 힘쓰고 기도에 감사함으로 깨어 있으라
25,C,조각,디모데후서 1:10,이제는 우리 구주 그리스도 예수의 나타나심으로 말미암아 나타났으니 저는 사망을 폐하시고 복음으로써 생명과 썩지 아니할 것을 드러내신지라
26,C,조각,디도서 3:5,우리를 구원하시되 우리의 행한 바 의로운 행위로 말미암지 아니하고 오직 그의 긍휼하심을 좇아 중생의 씻음과 성령의 새롭게 하심으로 하셨나니
27,B,,다니엘 12:3,지혜 있는 자는 궁창의 빛과 같이 빛날 것이요 많은 사람을 옳은데로 돌아오게 한 자는 별과 같이 영원토록 비취리라
28,A,,고린도전서 13:13,"그런즉 믿음, 소망, 사랑, 이 세가지는 항상 있을 것인데 그 중에 제일은 사랑이라!"
29,C,예언,에스겔 28:26,그들이 그 가운데 평안히 거하여 집을 건축하며 포도원을 심고 그들의 사면에서 멸시하던 모든 자를 내가 국문할 때에 그들이 평안히 살며 나를 그 하나님 여호와인 줄 알리라
30,C,서사,열왕기상 18:39,모든 백성이 보고 엎드려 말하되 여호와 그는 하나님이시로다 여호와 그는 하나님이시로다 하니
31,B,,데살로니가후서 3:16,평강의 주께서 친히 때마다 일마다 너희에게 평강을 주시기를 원하노라 주는 너희 모든 사람과 함께 하실지어다
32,C,화자,욥기 33:26,그는 하나님께 기도하므로 하나님이 은혜를 베푸사 그로 자기의 얼굴을 즐거이 보게 하시고 사람에게 그 의를 회복시키시느니라
33,A,,요한일서 4:16,하나님이 우리를 사랑하시는 사랑을 우리가 알고 믿었노니 하나님은 사랑이시라 사랑 안에 거하는 자는 하나님 안에 거하고 하나님도 그 안에 거하시느니라
34,C,서사,민수기 14:8,여호와께서 우리를 기뻐하시면 우리를 그 땅으로 인도하여 들이시고 그 땅을 우리에게 주시리라 이는 과연 젖과 꿀이 흐르는 땅이니라
35,C,서사,창세기 39:2,여호와께서 요셉과 함께 하시므로 그가 형통한 자가 되어 그 주인 애굽 사람의 집에 있으니
36,C,율법,레위기 25:38,나는 너희 하나님이 되려고 또는 가나안 땅으로 너희에게 주려고 애굽 땅에서 너희를 인도하여 낸 너희 하나님 여호와니라!
37,C,서사,스가랴 1:13,"여호와께서 내게 말하는 천사에게 선한 말씀, 위로하는 말씀으로 대답하시더라"
38,B,,전도서 9:7,너는 가서 기쁨으로 네 식물을 먹고 즐거운 마음으로 네 포도주를 마실지어다 이는 하나님이 너의 하는 일을 벌써 기쁘게 받으셨음이니라
39,A,,미가 7:7,오직 나는 여호와를 우러러보며 나를 구원하시는 하나님을 바라보나니 하나님이 나를 들으시리로다
40,C,메타,베드로후서 3:15,또 우리 주의 오래 참으심이 구원이 될 줄로 여기라 우리 사랑하는 형제 바울도 그 받은 지혜대로 너희에게 이같이 썼고
41,B,,요한계시록 22:17,성령과 신부가 말씀하시기를 오라 하시는도다 듣는 자도 오라 할 것이요 목마른 자도 올 것이요 또 원하는 자는 값없이 생명수를 받으라 하시더라
42,C,서사,열왕기하 19:19,우리 하나님 여호와여 원컨대 이제 우리를 그 손에서 구원하옵소서 그리하시면 천하 만국이 주 여호와는 홀로 하나님이신줄 알리이다 하니라
43,A,,데살로니가전서 5:18,범사에 감사하라! 이는 그리스도 예수 안에서 너희를 향하신 하나님의 뜻이니라
44,C,인사,빌레몬서 1:25,우리 주 예수 그리스도의 은혜가 너희 심령과 함께 할지어다!
45,A,,하박국 3:18,나는 여호와를 인하여 즐거워하며 나의 구원의 하나님을 인하여 기뻐하리로다!
46,B,,요나 2:9,나는 감사하는 목소리로 주께 제사를 드리며 나의 서원을 주께 갚겠나이다 구원은 여호와께로서 말미암나이다 하니라
47,C,서사,룻기 2:4,마침 보아스가 베들레헴에서부터 와서 베는 자들에게 이르되 여호와께서 너희가 함께 하시기를 원하노라 그들이 대답하되 여호와께서 당신에게 복 주시기를 원하나이다
48,C,인사,유다서 1:2,긍휼과 평강과 사랑이 너희에게 더욱 많을지어다!
49,C,인물,사사기 6:16,여호와께서 그에게 이르시되 내가 반드시 너와 함께 하리니 네가 미디안 사람 치기를 한 사람을 치듯 하리라
50,C,서사,느헤미야 9:19,주께서는 연하여 긍휼을 베푸사 저희를 광야에 버리지 아니하시고 낮에는 구름 기둥으로 길을 인도하시며 밤에는 불 기둥으로 그 행할 길을 비취사 떠나게 아니하셨사오며
51,B,,요한삼서 1:2,사랑하는 자여 네 영혼이 잘됨 같이 네가 범사에 잘되고 강건하기를 내가 간구하노라
52,B,,아모스 5:15,너희는 악을 미워하고 선을 사랑하며 성문에서 공의를 세울지어다 만군의 하나님 여호와께서 혹시 요셉의 남은 자를 긍휼히 여기시리라
53,A,,예레미야애가 3:25,무릇 기다리는 자에게나 구하는 영혼에게 여호와께서 선을 베푸시는 도다
54,B,,마가복음 8:35,누구든지 제 목숨을 구원코자 하면 잃을 것이요 누구든지 나와 복음을 위하여 제 목숨을 잃으면 구원하리라
55,C,서사,에스라 1:3,이스라엘의 하나님은 참 신이시라 너희 중에 무릇 그 백성 된 자는 다 유다 예루살렘으로 올라가서 거기 있는 여호와의 전을 건축하라! 너희 하나님이 함께 하시기를 원하노라
56,A,,호세아 6:1,오라 우리가 여호와께로 돌아가자 여호와께서 우리를 찢으셨으나 도로 낫게 하실 것이요 우리를 치셨으나 싸매어 주실 것임이라
57,B,,말라기 4:2,내 이름을 경외하는 너희에게는 의로운 해가 떠올라서 치료하는 광선을 발하리니 너희가 나가서 외양간에서 나온 송아지 같이 뛰리라
58,C,인사,요한이서 1:3,은혜와 긍휼과 평강이 하나님 아버지와 아버지의 아들 예수 그리스도께로부터 진리와 사랑 가운데서 우리와 함께 있으리라
59,A,,요엘 2:21,땅이여! 두려워 말고 기뻐하며 즐거워할지어다 여호와께서 큰 일을 행하셨음이로다
60,A,,스바냐 3:17,너의 하나님 여호와가 너의 가운데 계시니 그는 구원을 베푸실 전능자시라 그가 너로 인하여 기쁨을 이기지 못하여 하시며 너를 잠잠히 사랑하시며 너로 인하여 즐거이 부르며 기뻐하시리라 하리라
61,B,,시편 5:11,오직 주에게 피하는 자는 다 기뻐하며 주의 보호로 인하여 영영히 기뻐 외치며 주의 이름을 사랑하는 자들은 주를 즐거워하리이다
62,B,,이사야 43:4,내가 너를 보배롭고 존귀하게 여기고 너를 사랑하였은즉 내가 사람들을 주어 너를 바꾸며 백성들로 네 생명을 대신하리니
63,A,,잠언 4:7,지혜가 제일이니 지혜를 얻으라! 무릇 너의 얻은 것을 가져 명철을 얻을지니라
64,B,,로마서 14:17,하나님의 나라는 먹는 것과 마시는 것이 아니요 오직 성령 안에서 의와 평강과 희락이라
65,C,율법,신명기 20:4,너희 하나님 여호와는 너희와 함께 행하시며 너희를 위하여 너희 대적을 치고 너희를 구원하시는 자니라 할 것이며
66,B,,고린도후서 2:14,항상 우리를 그리스도 안에서 이기게 하시고 우리로 말미암아 각처에서 그리스도를 아는 냄새를 나타내시는 하나님께 감사하노라
67,A,,요한복음 15:9,아버지께서 나를 사랑하신 것같이 나도 너희를 사랑하였으니 나의 사랑 안에 거하라
68,C,조각,히브리서 6:18,이는 하나님이 거짓말을 하실 수 없는 이 두 가지 변치 못할 사실을 인하여 앞에 있는 소망을 얻으려고 피하여 가는 우리로 큰 안위를 받게 하려 하심이라
69,C,서사,사도행전 9:31,그리하여 온 유대와 갈릴리와 사마리아 교회가 평안하여 든든히 서가고 주를 경외함과 성령의 위로로 진행하여 수가 더 많아지니라
70,C,예언,예레미야 23:6,그의 날에 유다는 구원을 얻겠고 이스라엘은 평안히 거할 것이며 그 이름은 여호와 우리의 의라 일컬음을 받으리라
71,C,조각,빌립보서 3:9,그 안에서 발견되려 함이니 내가 가진 의는 율법에서 난 것이 아니요 오직 그리스도를 믿음으로 말미암은 것이니 곧 믿음으로 하나님께로서 난 의라
72,C,서사,역대하 26:5,하나님의 묵시를 밝히 아는 스가랴의 사는 날에 하나님을 구하였고 저가 여호와를 구할 동안에는 하나님이 형통케 하셨더라
73,B,,에베소서 5:25,남편들아! 아내 사랑하기를 그리스도께서 교회를 사랑하시고 위하여 자신을 주심같이 하라
74,C,인물,누가복음 22:32,그러나 내가 너를 위하여 네 믿음이 떨어지지 않기를 기도하였노니 너는 돌이킨 후에 네 형제를 굳게 하라
75,A,,야고보서 3:18,화평케 하는 자들은 화평으로 심어 의의 열매를 거두느니라
76,C,조각,베드로전서 3:8,마지막으로 말하노니 너희가 다 마음을 같이 하여 체휼하며 형제를 사랑하며 불쌍히 여기며 겸손하며
77,A,,마태복음 11:29,나는 마음이 온유하고 겸손하니 나의 멍에를 메고 내게 배우라 그러면 너희 마음이 쉼을 얻으리니
78,B,,사무엘하 22:47,여호와는 생존하시니 나의 바위를 찬송하며 내 구원의 바위이신 하나님을 높일지로다!
79,B,,사무엘상 12:22,여호와께서는 너희로 자기 백성 삼으신 것을 기뻐하신 고로 그 크신 이름을 인하여 자기 백성을 버리지 아니하실 것이요
80,B,,디모데전서 4:4,하나님의 지으신 모든 것이 선하매 감사함으로 받으면 버릴 것이 없나니
81,A,,역대상 16:34,여호와께 감사하라 그는 선하시며 그 인자하심이 영원함이로다
82,C,난해,갈라디아서 5:6,그리스도 예수 안에서는 할례나 무할례가 효력이 없되 사랑으로써 역사하는 믿음 뿐이니라!
83,A,,출애굽기 34:6,여호와께서 그의 앞으로 지나시며 반포하시되 여호와로라! 여호와로라! 자비롭고 은혜롭고 노하기를 더디하고 인자와 진실이 많은 하나님이로라
84,C,서사,여호수아 10:25,여호수아가 군장들에게 이르되 두려워 말며 놀라지 말고 마음을 강하게 하고 담대히 하라 너희가 더불어 싸우는 모든 대적에게 여호와께서 다 이와 같이 하시리라 하고
85,C,조각,골로새서 1:20,그의 십자가의 피로 화평을 이루사 만물 곧 땅에 있는 것들이나 하늘에 있는 것들을 그로 말미암아 자기와 화목케 되기를 기뻐하심이라
86,C,조각,디모데후서 1:9,하나님이 우리를 구원하사 거룩하신 부르심으로 부르심은 우리의 행위대로 하심이 아니요 오직 자기 뜻과 영원한 때 전부터 그리스도 예수 안에서 우리에게 주신 은혜대로 하심이라
87,C,조각,디도서 2:13,복스러운 소망과 우리의 크신 하나님 구주 예수 그리스도의 영광이 나타나심을 기다리게 하셨으니
88,C,서사,다니엘 1:9,하나님이 다니엘로 환관장에게 은혜와 긍휼을 얻게 하신지라
89,A,,고린도전서 15:57,우리 주 예수 그리스도로 말미암아 우리에게 이김을 주시는 하나님께 감사하노니
90,C,난해,에스겔 43:2,이스라엘 하나님의 영광이 동편에서부터 오는데 하나님의 음성이 많은 물소리 같고 땅은 그 영광으로 인하여 빛나니
91,C,서사,열왕기상 17:14,이스라엘 하나님 여호와의 말씀이 나 여호와가 비를 지면에 내리는 날까지 그 통의 가루는 다하지 아니하고 그 병의 기름은 없어지지 아니하리라 하셨느니라
92,A,,데살로니가후서 3:5,주께서 너희 마음을 인도하여 하나님의 사랑과 그리스도의 인내에 들어가게 하시기를 원하노라
93,C,화자,욥기 15:11,하나님의 위로와 네게 온유하게 하시는 말씀을 네가 어찌 작다 하느냐?
94,A,,요한일서 4:8,사랑하지 아니하는 자는 하나님을 알지 못하나니 이는 하나님은 사랑이심이라
95,C,율법,민수기 15:41,나는 너희의 하나님이 되려 하여 너희를 애굽 땅에서 인도하여 낸 여호와 너희 하나님이니라 나는 여호와 너희 하나님이니라
96,A,,창세기 50:20,당신들은 나를 해하려 하였으나 하나님은 그것을 선으로 바꾸사 오늘과 같이 만민의 생명을 구원하게 하시려 하셨나니
97,C,율법,레위기 26:45,내가 그들의 하나님이 되기 위하여 열방의 목전에 애굽에서 인도하여 낸 그들의 열조와 맺은 언약을 그들을 위하여 기억하리라 나는 여호와니라!
98,C,예언,스가랴 9:16,이 날에 그들의 하나님 여호와께서 그들을 자기 백성의 양떼 같이 구원하시리니 그들이 면류관의 보석 같이 여호와의 땅에 빛나리로다
99,C,난해,전도서 9:9,네 헛된 평생의 모든 날 곧 하나님이 해 아래서 네게 주신 모든 헛된 날에 사랑하는 아내와 함께 즐겁게 살지어다 이는 네가 일평생에 해 아래서 수고하고 얻은 분복이니라
100,A,,미가 7:8,나의 대적이여 나로 인하여 기뻐하지 말지어다 나는 엎드러질지라도 일어날 것이요 어두운 데 앉을지라도 여호와께서 나의 빛이되실 것임이로다
101,B,,베드로후서 3:18,오직 우리 주 곧 구주 예수 그리스도의 은혜와 저를 아는 지식에서 자라가라 영광이 이제와 영원한 날까지 저에게 있을지어다
102,C,난해,요한계시록 22:14,그 두루마기를 빠는 자들은 복이 있으니 이는 저희가 생명나무에 나아가며 문들을 통하여 성에 들어갈 권세를 얻으려 함이로다
103,C,율법,열왕기하 17:36,오직 큰 능력과 편 팔로 너희를 애굽에서 인도하여 낸 여호와만 너희가 경외하여 그를 숭배하며 그에게 제사를 드릴 것이며
104,B,,데살로니가전서 5:9,하나님이 우리를 세우심은 노하심에 이르게 하심이 아니요 오직 우리 주 예수 그리스도로 말미암아 구원을 얻게 하신 것이라
105,C,인물,빌레몬서 1:7,형제여 성도들의 마음이 너로 말미암아 평안함을 얻었으니 내가 너의 사랑으로 많은 기쁨과 위로를 얻었노라
106,C,난해,하박국 3:13,"주께서 주의 백성을 구원하시려고, 기름 받은 자를 구원하시려고 나오사 악인의 집머리를 치시며 그 기초를 끝까지 드러내셨나이다"
107,C,서사,요나 2:6,내가 산의 뿌리까지 내려갔사오며 땅이 그 빗장으로 나를 오래도록 막았사오나 나의 하나님 여호와여 주께서 내 생명을 구덩이에서 건지셨나이다
108,C,서사,룻기 4:15,이는 네 생명의 회복자며 네 노년의 봉양자라 곧 너를 사랑하며 일곱 아들보다 귀한 자부가 낳은 자로다
109,B,,유다서 1:21,하나님의 사랑 안에서 자기를 지키며 영생에 이르도록 우리 주 예수 그리스도의 긍휼을 기다리라
110,B,,사사기 6:23,여호와께서 그에게 이르시되 너는 안심하라! 두려워 말라! 죽지 아니하리라! 하시니라
111,C,인물,느헤미야 5:19,"내 하나님이여, 내가 이 백성을 위하여 행한 모든 일을 생각하시고 내게 은혜를 베푸시옵소서!"
112,B,,요한삼서 1:11,사랑하는 자여 악한 것을 본받지 말고 선한 것을 본받으라 선을 행하는 자는 하나님께 속하고 악을 행하는 자는 하나님을 뵈옵지 못하였느니라
113,B,,아모스 5:14,너희는 살기 위하여 선을 구하고 악을 구하지 말지어다 만군의 하나님 여호와께서 너희의 말과 같이 너희와 함께 하시리라
114,A,,예레미야애가 3:22-23,여호와의 자비와 긍휼이 무궁하시므로 우리가 진멸되지 아니함이니이다 이것이 아침마다 새로우니 주의 성실이 크도소이다
115,A,,마가복음 12:30,네 마음을 다하고 목숨을 다하고 뜻을 다하고 힘을 다하여 주 너의 하나님을 사랑하라 하신 것이라
116,B,,시편 18:35,주께서 또 주의 구원하는 방패를 내게 주시며 주의 오른손이 나를 붙들고 주의 온유함이 나를 크게 하셨나이다
117,A,,이사야 40:31,오직 여호와를 앙망하는 자는 새 힘을 얻으리니 독수리의 날개치며 올라감 같을 것이요 달음박질하여도 곤비치 아니하겠고 걸어가도 피곤치 아니하리로다
118,B,,잠언 19:8,지혜를 얻는 자는 자기 영혼을 사랑하고 명철을 지키는 자는 복을 얻느니라
119,C,조각,로마서 5:4,인내는 연단을 연단은 소망을 이루는 줄 앎이로다
120,C,난해,신명기 30:6,네 하나님 여호와께서 네 마음과 네 자손의 마음에 할례를 베푸사 너로 마음을 다하며 성품을 다하여 네 하나님 여호와를 사랑하게 하사 너로 생명을 얻게 하실 것이며
121,C,인물,고린도후서 7:4,내가 너희를 향하여 하는 말이 담대한 것도 많고 너희를 위하여 자랑하는 것도 많으니 내가 우리의 모든 환난 가운데서도 위로가 가득하고 기쁨이 넘치는도다
122,A,,요한복음 13:34,새 계명을 너희에게 주노니 서로 사랑하라! 내가 너희를 사랑한 것같이 너희도 서로 사랑하라
123,B,,히브리서 12:5,또 아들들에게 권하는 것같이 너희에게 권면하신 말씀을 잊었도다 일렀으되 내 아들아! 주의 징계하심을 경히 여기지 말며 그에게 꾸지람을 받을 때에 낙심하지 말라
124,C,서사,사도행전 11:17,그런즉 하나님이 우리가 주 예수 그리스도를 믿을 때에 주신 것과 같은 선물을 저희에게도 주셨으니 내가 누구관대 하나님을 능히 막겠느냐! 하더라
125,C,난해,예레미야 29:7,너희는 내가 사로잡혀 가게 한 그 성읍의 평안하기를 힘쓰고 위하여 여호와께 기도하라 이는 그 성이 평안함으로 너희도 평안할 것임이니라
126,A,,빌립보서 4:13,내게 능력 주시는 자 안에서 내가 모든 것을 할 수 있느니라!
127,C,인물,역대하 19:7,그런즉 너희는 여호와를 두려워하는 마음으로 삼가 행하라! 우리의 하나님 여호와께서는 불의함도 없으시고 편벽됨도 없으시고 뇌물을 받으심도 없으시니라
128,C,인사,에베소서 6:24,우리 주 예수 그리스도를 변함없이 사랑하는 모든 자에게 은혜가 있을지어다!
129,B,,누가복음 9:24,누구든지 제 목숨을 구원코자 하면 잃을 것이요 누구든지 나를 위하여 제 목숨을 잃으면 구원하리라
130,A,,야고보서 1:17,각양 좋은 은사와 온전한 선물이 다 위로부터 빛들의 아버지께로서 내려오나니 그는 변함도 없으시고 회전하는 그림자도 없으시니라
131,A,,베드로전서 5:7,너희 염려를 다 주께 맡겨 버리라 이는 저가 너희를 권고하심이니라
132,A,,마태복음 11:28,수고하고 무거운 짐진 자들아! 다 내게로 오라 내가 너희를 쉬게 하리라
133,B,,사무엘하 22:20,나를 또 넓은 곳으로 인도하시고 나를 기뻐하시므로 구원하셨도다
134,B,,사무엘상 2:7,"여호와는 가난하게도 하시고 부하게도 하시며, 낮추기도 하시고 높이기도 하시는도다"
135,C,조각,디모데전서 6:11,오직 너 하나님의 사람아! 이것들을 피하고 의와 경건과 믿음과 사랑과 인내와 온유를 좇으며
136,C,인물,역대상 17:27,이제 주께서 종의 집에 복을 주사 주 앞에 영원히 두시기를 기뻐하시나이다 여호와여 주께서 복을 주셨사오니 이 복을 영원히 누리리이다 하니라
137,C,인사,갈라디아서 6:18,형제들아! 우리 주 예수 그리스도의 은혜가 너희 심령에 있을지어다! 아멘
138,B,,출애굽기 20:6,나를 사랑하고 내 계명을 지키는 자에게는 천대까지 은혜를 베푸느니라
139,C,서사,여호수아 23:3,너희 하나님 여호와께서 너희를 위하여 이 모든 나라에 행하신 일을 너희가 다 보았거니와 너희 하나님 여호와 그는 너희를 위하여 싸우신 자시니라
140,A,,골로새서 3:15,그리스도의 평강이 너희 마음을 주장하게 하라 평강을 위하여 너희가 한 몸으로 부르심을 받았나니 또한 너희는 감사하는 자가 되라
141,B,,디모데후서 3:15,또 네가 어려서부터 성경을 알았나니 성경은 능히 너로 하여금 그리스도 예수 안에 있는 믿음으로 말미암아 구원에 이르는 지혜가 있게 하느니라
142,C,조각,디도서 1:2,영생의 소망을 인함이라 이 영생은 거짓이 없으신 하나님이 영원한 때 전부터 약속하신 것인데
143,B,,다니엘 2:21,그는 때와 기한을 변하시며 왕들을 폐하시고 왕들을 세우시며 지혜자에게 지혜를 주시고 지식자에게 총명을 주시는도다
144,C,난해,고린도전서 6:11,너희 중에 이와 같은 자들이 있더니 주 예수 그리스도의 이름과 우리 하나님의 성령 안에서 씻음과 거룩함과 의롭다 하심을 얻었느니라
145,B,,에스겔 18:23,나 주 여호와가 말하노라 내가 어찌 악인의 죽는 것을 조금인들 기뻐하랴 그가 돌이켜 그 길에서 떠나서 사는 것을 어찌 기뻐하지 아니하겠느냐
146,C,서사,열왕기상 4:30,솔로몬의 지혜가 동양 모든 사람의 지혜와 애굽의 모든 지혜보다 뛰어난지라
147,C,조각,데살로니가후서 2:17,너희 마음을 위로하시고 모든 선한 일과 말에 굳게 하시기를 원하노라
148,B,,욥기 22:21,너는 하나님과 화목하고 평안하라! 그리하면 복이 네게 임하리라!
149,B,,요한일서 5:1,예수께서 그리스도이심을 믿는 자마다 하나님께로서 난 자니 또한 내신 이를 사랑하는 자마다 그에게 난 자를 사랑하느니라
150,B,,민수기 6:25,여호와는 그 얼굴로 네게 비취사 은혜 베푸시기를 원하며
151,C,서사,창세기 39:21,여호와께서 요셉과 함께 하시고 그에게 인자를 더하사 전옥에게 은혜를 받게 하시매
152,C,율법,레위기 26:13,나는 너희를 애굽 땅에서 인도하여 내어 그 종된 것을 면케 한 너희 하나님 여호와라! 내가 너희 멍에 빗장목을 깨뜨리고 너희로 바로 서서 걷게 하였느니라
153,C,조각,스가랴 8:8,인도하여다가 예루살렘 가운데 거하게 하리니 그들은 내 백성이 되고 나는 성실과 정의로 그들의 하나님이 되리라
154,A,,전도서 4:10,혹시 저희가 넘어지면 하나가 그 동무를 붙들어 일으키려니와 홀로 있어 넘어지고 붙들어 일으킬 자가 없는 자에게는 화가 있으리라
155,A,,미가 6:8,사람아 주께서 선한 것이 무엇임을 네게 보이셨나니 여호와께서 네게 구하시는 것이 오직 공의를 행하며 인자를 사랑하며 겸손히 네 하나님과 함께 행하는 것이 아니냐
156,C,인사,베드로후서 1:2,하나님과 우리 주 예수를 앎으로 은혜와 평강이 너희에게 더욱 많을지어다
157,A,,요한계시록 7:17,이는 보좌 가운데 계신 어린 양이 저희의 목자가 되사 생명수 샘으로 인도하시고 하나님께서 저희 눈에서 모든 눈물을 씻어 주실 것임이러라
158,C,서사,열왕기하 10:10,그런즉 너희는 알라 곧 여호와께서 아합의 집에 대하여 하신 말씀은 하나도 땅에 떨어지지 아니하리라 여호와께서 그 종 엘리야로 하신 말씀을 이제 이루셨도다 하니라
159,A,,데살로니가전서 5:16-18,항상 기뻐하라! 쉬지 말고 기도하라! 범사에 감사하라! 이는 그리스도 예수 안에서 너희를 향하신 하나님의 뜻이니라
160,C,난해,시편 44:3,저희가 자기 칼로 땅을 얻어 차지함이 아니요 저희 팔이 저희를 구원함도 아니라 오직 주의 오른손과 팔과 얼굴의 빛으로 하셨으니 주께서 저희를 기뻐하신 연고니이다
161,B,,이사야 33:2,여호와여 우리에게 은혜를 베푸소서 우리가 주를 앙망하오니 주는 아침마다 우리의 팔이 되시며 환난 때에 우리의 구원이 되소서
162,B,,잠언 16:19,겸손한 자와 함께하여 마음을 낮추는 것이 교만한 자와 함께 하여 탈취물을 나누는 것보다 나으니라
163,C,조각,로마서 4:20,믿음이 없어 하나님의 약속을 의심치 않고 믿음에 견고하여져서 하나님께 영광을 돌리며
164,B,,신명기 5:10,나를 사랑하고 내 계명을 지키는 자에게는 천대까지 은혜를 베푸느니라!
165,A,,고린도후서 9:8,하나님이 능히 모든 은혜를 너희에게 넘치게 하시나니 이는 너희로 모든 일에 항상 모든 것이 넉넉하여 모든 착한 일을 넘치게 하게 하려 하심이라
166,A,,요한복음 3:16,하나님이 세상을 이처럼 사랑하사 독생자를 주셨으니 이는 저를 믿는 자마다 멸망치 않고 영생을 얻게 하려 하심이니라
167,C,조각,히브리서 7:19,이에 더 좋은 소망이 생기니 이것으로 우리가 하나님께 가까이 가느니라
168,C,인물,사도행전 20:32,지금 내가 너희를 주와 및 그 은혜의 말씀께 부탁하노니 그 말씀이 너희를 능히 든든히 세우사 거룩케 하심을 입은 모든 자 가운데 기업이 있게 하시리라
169,C,예언,예레미야 31:2,나 여호와가 이같이 말하노라 칼에서 벗어난 백성이 광야에서 은혜를 얻었나니 곧 내가 이스라엘로 안식을 얻게 하러 갈 때에라
170,A,,빌립보서 4:7,그리하면 모든 지각에 뛰어난 하나님의 평강이 그리스도 예수 안에서 너희 마음과 생각을 지키시리라
171,C,서사,역대하 15:15,온 유다가 이 맹세를 기뻐한지라 무리가 마음을 다하여 맹세하고 뜻을 다하여 여호와를 찾았으므로 여호와께서도 저희의 만난 바가 되시고 그 사방에 평안을 주셨더라
172,B,,에베소서 1:7,우리가 그리스도 안에서 그의 은혜의 풍성함을 따라 그의 피로 말미암아 구속 곧 죄 사함을 받았으니
173,C,서사,누가복음 1:14,너도 기뻐하고 즐거워할 것이요 많은 사람도 그의 남을 기뻐하리니
174,B,,야고보서 5:13,너희 중에 고난 당하는 자가 있느냐? 저는 기도할 것이요 즐거워하는 자가 있느냐? 저는 찬송할지니라
175,B,,베드로전서 1:22,너희가 진리를 순종함으로 너희 영혼을 깨끗하게 하여 거짓이 없이 형제를 사랑하기에 이르렀으니 마음으로 뜨겁게 피차 사랑하라!
176,A,,마태복음 5:4,애통하는 자는 복이 있나니 저희가 위로를 받을 것임이요
177,C,인물,사무엘하 23:5,내 집이 하나님 앞에 이같지 아니하냐 하나님이 나로 더불어 영원한 언약을 세우사 만사에 구비하고 견고케 하셨으니 나의 모든 구원과 나의 모든 소원을 어찌 이루지 아니하시랴
178,C,인물,사무엘상 10:7,이 징조가 네게 임하거든 너는 기회를 따라 행하라! 하나님이 너와 함께 하시느니라!
179,C,인물,디모데전서 1:16,그러나 내가 긍휼을 입은 까닭은 예수 그리스도께서 내게 먼저 일절 오래 참으심을 보이사 후에 주를 믿어 영생 얻는 자들에게 본이 되게 하려 하심이니라
180,B,,역대상 16:8,너희는 여호와께 감사하며 그 이름을 불러 아뢰며 그 행사를 만민 중에 알게 할지어다
181,A,,갈라디아서 5:22,"오직 성령의 열매는 사랑과, 희락과, 화평과, 오래 참음과, 자비와, 양선과, 충성과,"
182,A,,출애굽기 20:12,네 부모를 공경하라! 그리하면 너의 하나님 나 여호와가 네게 준 땅에서 네 생명이 길리라
183,C,서사,여호수아 10:8,때에 여호와께서 여호수아에게 이르시되 그들을 두려워 말라 내가 그들을 네 손에 붙였으니 그들의 한 사람도 너를 당할 자 없으리라 하신지라
184,A,,골로새서 3:12,그러므로 너희는 하나님의 택하신 거룩하고 사랑하신 자처럼 긍휼과 자비와 겸손과 온유와 오래 참음을 옷입고
185,C,인물,디모데후서 2:10,그러므로 내가 택하신 자를 위하여 모든 것을 참음은 저희로도 그리스도 예수 안에 있는 구원을 영원한 영광과 함께 얻게 하여 함이로다
186,C,조각,디도서 2:11,모든 사람에게 구원을 주시는 하나님의 은혜가 나타나
187,C,서사,다니엘 6:27,그는 구원도 하시며 건져내기도 하시며 하늘에서든지 땅에서든지이적과 기사를 행하시는 자로서 다니엘을 구원하여 사자의 입에서 벗어나게 하셨음이니라 하였더라
188,B,,고린도전서 1:30,너희는 하나님께로부터 나서 그리스도 예수 안에 있고 예수는 하나님께로서 나와서 우리에게 지혜와 의로움과 거룩함과 구속함이 되셨으니
189,C,예언,에스겔 34:25,내가 또 그들과 화평의 언약을 세우고 악한 짐승을 그 땅에서 그치게 하리니 그들이 빈 들에 평안히 거하며 수풀 가운데서 잘찌라
190,C,서사,열왕기상 4:29,하나님이 솔로몬에게 지혜와 총명을 심히 많이 주시고 또 넓은 마음을 주시되 바닷가의 모래 같이 하시니
191,C,조각,데살로니가후서 1:11,이러므로 우리도 항상 너희를 위하여 기도함은 우리 하나님이 너희를 그 부르심에 합당한 자로 여기시고 모든 선을 기뻐함과 믿 음의 역사를 능력으로 이루게 하시고
192,C,화자,욥기 33:28,하나님이 내 영혼을 건지사 구덩이에 내려가지 않게 하셨으니 내 생명이 빛을 보겠구나 하리라
193,B,,요한일서 5:12,아들이 있는 자에게는 생명이 있고 하나님의 아들이 없는 자에게는 생명이 없느니라
194,A,,민수기 6:24,여호와는 네게 복을 주시고 너를 지키시기를 원하며
195,C,서사,창세기 26:29,너는 우리를 해하지 말라 이는 우리가 너를 범하지 아니하고 선한 일만 네게 행하며 너로 평안히 가게 하였음이니라 이제 너는 여호와께 복을 받은 자니라!
196,C,율법,레위기 11:45,나는 너희의 하나님이 되려고 너희를 애굽 땅에서 인도하여 낸 여호와라 내가 거룩하니 너희도 거룩할지어다!
197,C,난해,스가랴 8:19,"만군의 여호와가 말하노라 사월의 금식과, 오월의 금식과, 칠월의 금식이 변하여 유다 족속에게 기쁨과 즐거움과 희락의 절기가 되리니 오직 너희는 진실과 화평을 사랑할지니라!"
198,B,,전도서 7:14,형통한 날에는 기뻐하고 곤고한 날에는 생각하라 하나님이 이 두가지를 병행하게 하사 사람으로 그 장래 일을 능히 헤아려 알지 못하게 하셨느니라
199,A,,시편 100:4,감사함으로 그 문에 들어가며 찬송함으로 그 궁정에 들어가서 그에게 감사하며 그 이름을 송축할지어다
200,B,,이사야 60:19,다시는 낮에 해가 네 빛이 되지 아니하며 달도 네게 빛을 비취지 않을 것이요 오직 여호와가 네게 영영한 빛이 되며 네 하나님이 네 영광이 되리니
201,B,,잠언 13:14,지혜 있는 자의 교훈은 생명의 샘이라 사람으로 사망의 그물을 벗어나게 하느니라
202,B,,로마서 12:3,내게 주신 은혜로 말미암아 너희 중 각 사람에게 말하노니 마땅히 생각할 그 이상의 생각을 품지 말고 오직 하나님께서 각 사람에게 나눠주신 믿음의 분량대로 지혜롭게 생각하라
203,C,서사,신명기 1:21,너희 하나님 여호와께서 이 땅을 너희 앞에 두셨은즉 너희 열조의 하나님 여호와께서 너희에게 이르신 대로 올라가서 얻으라 두려워 말라! 주저하지 말라! 한즉
204,C,조각,고린도후서 4:15,모든 것을 너희를 위하여 하는 것은 은혜가 많은 사람의 감사함으로 말미암아 더하여 넘쳐서 하나님께 영광을 돌리게 하려 함이라
205,B,,요한복음 16:27,이는 너희가 나를 사랑하고 또 나를 하나님께로서 온 줄 믿은 고로 아버지께서 친히 너희를 사랑하심이니라
206,B,,히브리서 10:39,우리는 뒤로 물러가 침륜에 빠질 자가 아니요 오직 영혼을 구원함에 이르는 믿음을 가진 자니라
207,C,서사,사도행전 7:55,스데반이 성령이 충만하여 하늘을 우러러 주목하여 하나님의 영광과 및 예수께서 하나님 우편에 서신 것을 보고
208,C,조각,예레미야 15:16,"만군의 하나님 여호와시여, 나는 주의 이름으로 일컬음을 받는 자라 내가 주의 말씀을 얻어 먹었사오니 주의 말씀은 내게 기쁨과 내 마음의 즐거움이오나"
209,A,,빌립보서 4:4,주 안에서 항상 기뻐하라! 내가 다시 말하노니 기뻐하라!
210,C,서사,역대하 29:36,이 일이 갑자기 되었을찌라도 하나님이 백성을 위하여 예비하셨음을 인하여 히스기야가 백성으로 더불어 기뻐하였더라
211,C,조각,에베소서 2:7,이는 그리스도 예수 안에서 우리에게 자비하심으로써 그 은혜의 지극히 풍성함을 오는 여러 세대에 나타내려 하심이니라
212,C,서사,누가복음 17:19,그에게 이르시되 일어나 가라 네 믿음이 너를 구원하였느니라 하시더라
213,A,,야고보서 1:12,시험을 참는 자는 복이 있도다 이것이 옳다 인정하심을 받은 후에 주께서 자기를 사랑하는 자들에게 약속하신 생명의 면류관을 얻을 것임이니라
214,A,,베드로전서 4:10,각각 은사를 받은 대로 하나님의 각양 은혜를 맡은 선한 청지기 같이 서로 봉사하라
215,A,,마태복음 5:9,화평케 하는 자는 복이 있나니 저희가 하나님의 아들이라 일컬음을 받을 것임이요
216,B,,사무엘하 22:4,내가 찬송받으실 여호와께 아뢰리니 내 원수들에게서 구원을 얻으리로다
217,C,서사,사무엘상 7:8,사무엘에게 이르되 당신은 우리를 위하여 우리 하나님 여호와께 쉬지 말고 부르짖어 우리를 블레셋 사람의 손에서 구원하시게 하소서
218,B,,디모데전서 4:10,이를 위하여 우리가 수고하고 진력하는 것은 우리 소망을 살아계신 하나님께 둠이니 곧 모든 사람 특히 믿는 자들의 구주시라
219,B,,역대상 29:13,우리 하나님이여! 이제 우리가 주께 감사하오며 주의 영화로운 이름을 찬양하나이다
220,C,난해,갈라디아서 3:24,이같이 율법이 우리를 그리스도에게로 인도하는 몽학 선생이 되어 우리로 하여금 믿음으로 말미암아 의롭다 함을 얻게 하려 함이니라
221,C,서사,출애굽기 1:20,하나님이 그 산파들에게 은혜를 베푸시니라 백성은 생육이 번성하고 심히 강대하며
222,A,,여호수아 1:9,내가 네게 명한 것이 아니냐? 마음을 강하게 하고 담대히 하라! 두려워 말며 놀라지 말라! 네가 어디로 가든지 네 하나님 여호와가 너와 함께 하느니라! 하시니라
223,C,인사,골로새서 1:3,우리가 너희를 위하여 기도할 때마다 하나님 곧 우리 주 예수 그리스도의 아버지께 감사하노라
224,C,조각,디모데후서 2:1,내 아들아 그러므로 네가 그리스도 예수 안에 있는 은혜 속에서 강하고
225,C,조각,디도서 3:4,우리 구주 하나님의 자비와 사람 사랑하심을 나타내실 때에
226,C,인물,다니엘 12:13,너는 가서 마지막을 기다리라 이는 네가 평안히 쉬다가 끝날에는 네 업을 누릴 것임이니라
227,B,,고린도전서 14:33,하나님은 어지러움의 하나님이 아니시요 오직! 화평의 하나님이시니라
228,B,,에스겔 18:32,나 주 여호와가 말하노라 죽는 자의 죽는 것은 내가 기뻐하지 아니하노니 너희는 스스로 돌이키고 살지니라
229,C,서사,열왕기상 8:56,여호와를 찬송할지로다! 저가 무릇 허하신 대로 그 백성 이스라엘에게 태평을 주셨으니 그 종 모세를 빙자하여 무릇 허하신 그 선한 말씀이 하나도 이루지 않음이 없도다
230,C,조각,데살로니가후서 1:12,우리 하나님과 주 예수 그리스도의 은혜대로 우리 주 예수의 이름이 너희 가운데서 영광을 얻으시고 너희도 그 안에서 영광을 얻게 하려 함이니라
231,B,,시편 18:19,나를 또 넓은 곳으로 인도하시고 나를 기뻐하심으로 구원하셨도다
232,A,,이사야 32:17,의의 공효는 화평이요 의의 결과는 영원한 평안과 안전이라
233,A,,잠언 3:13,지혜를 얻은 자와 명철을 얻은 자는 복이 있나니
234,A,,로마서 10:9,네가 만일 네 입으로 예수를 주로 시인하며 또 하나님께서 그를 죽은 자 가운데서 살리신 것을 네 마음에 믿으면 구원을 얻으리니
235,B,,신명기 7:9,그런즉 너는 알라! 오직 네 하나님 여호와는 하나님이시요 신실하신 하나님이시라 그를 사랑하고 그 계명을 지키는 자에게는 천대까지 그 언약을 이행하시며 인애를 베푸시되
236,A,,고린도후서 1:3,찬송하리로다! 그는 우리 주 예수 그리스도의 하나님이시요 자비의 아버지시요 모든 위로의 하나님이시며
237,B,,요한복음 14:21,나의 계명을 가지고 지키는 자라야 나를 사랑하는 자니 나를 사랑하는 자는 내 아버지께 사랑을 받을 것이요 나도 그를 사랑하여 그에게 나를 나타내리라
238,A,,히브리서 12:2,믿음의 주요 또 온전케 하시는 이인 예수를 바라보자 저는 그 앞에 있는 즐거움을 위하여 십자가를 참으사 부끄러움을 개의치 아니하시더니 하나님 보좌 우편에 앉으셨느니라
239,C,서사,사도행전 18:9,밤에 주께서 환상 가운데 바울에게 말씀하시되 두려워하지 말며 잠잠하지 말고 말하라
240,C,인물,예레미야 39:18,내가 단정코 너를 구원할 것인즉 네가 칼에 죽지 아니하고 네 생명이 노략물을 얻음같이 되리니 이는 네가 나를 신뢰함이니라 여호와의 말이니라
241,C,인사,빌립보서 4:1,"그러므로 나의 사랑하고 사모하는 형제들,나의 기쁨이요 면류관인 사랑하는 자들아 이와 같이 주 안에 서라"
242,C,서사,역대하 20:30,여호사밧의 나라가 태평하였으니 이는 그 하나님이 사방에서 저희에게 평강을 주셨음이더라
243,C,인사,에베소서 6:23,아버지 하나님과 주 예수 그리스도에게로부터 평안과 믿음을 겸한 사랑이 형제들에게 있을지어다!
244,B,,누가복음 8:15,좋은 땅에 있다는 것은 착하고 좋은 마음으로 말씀을 듣고 지키어 인내로 결실하는 자니라
245,A,,야고보서 4:6,그러나 더욱 큰 은혜를 주시나니 그러므로 일렀으되 하나님이 교만한 자를 물리치시고 겸손한 자에게 은혜를 주신다 하였느니라
246,B,,베드로전서 1:5,너희가 말세에 나타내기로 예비하신 구원을 얻기 위하여 믿음으로 말미암아 하나님의 능력으로 보호하심을 입었나니
247,A,,마태복음 6:6,너는 기도할 때에 네 골방에 들어가 문을 닫고 은밀한 중에 계신 네 아버지께 기도하라 은밀한 중에 보시는 네 아버지께서 갚으시리라
248,B,,사무엘하 22:36,주께서 또 주의 구원의 방패를 내게 주시며 주의 온유함이 나를 크게 하셨나이다
249,C,서사,사무엘상 17:47,또 여호와의 구원하심이 칼과 창에 있지 아니함을 이 무리로 알게 하리라 전쟁은 여호와께 속한 것인즉 그가 너희를 우리 손에 붙이시리라
250,B,,디모데전서 2:5,하나님은 한 분이시요 또 하나님과 사람 사이에 중보도 한 분이시니 곧 사람이신 그리스도 예수라
251,C,인물,역대상 22:11,내 아들아 여호와께서 너와 함께 하시기를 원하며 네가 형통하여 여호와께서 네게 대하여 말씀하신 대로 여호와의 전을 건축하며
252,B,,갈라디아서 3:26,너희가 다 믿음으로 말미암아 그리스도 예수 안에서 하나님의 아들이 되었으니
253,A,,시편 46:1,하나님은 우리의 피난처시요 힘이시니 환난 중에 만날 큰 도움이시라
254,B,,이사야 12:1,그 날에 네가 말하기를 여호와여 주께서 전에는 내게 노하셨사오나 이제는 그 노가 쉬었고 또 나를 안위하시오니 내가 주께 감사하겠나이다 할 것이니라
255,B,,잠언 14:25,진실한 증인은 사람의 생명을 구원하여도 거짓말을 뱉는 사람은 속이느니라
256,A,,로마서 15:13,소망의 하나님이 모든 기쁨과 평강을 믿음 안에서 너희에게 충만케 하사 성령의 능력으로 소망이 넘치게 하시기를 원하노라
257,A,,신명기 5:16,너는 너의 하나님 여호와의 명한대로 네 부모를 공경하라! 그리하면 너의 하나님 여호와가 네게 준 땅에서 네가 생명이 길고 복을 누리리라!
258,C,난해,고린도후서 8:7,오직 너희는 믿음과 말과 지식과 모든 간절함과 우리를 사랑하는 이 모든 일에 풍성한 것같이 이 은혜에도 풍성하게 할지니라
259,A,,요한복음 14:27,평안을 너희에게 끼치노니 곧 나의 평안을 너희에게 주노라 내가 너희에게 주는 것은 세상이 주는 것 같지 아니하니라 너희는 마음에 근심도 말고 두려워하지도 말라
260,C,조각,히브리서 3:6,그리스도는 그의 집 맡은 아들로 충성하였으니 우리가 소망의 담대함과 자랑을 끝까지 견고히 잡으면 그의 집이라
261,C,서사,사도행전 11:23,저가 이르러 하나님의 은혜를 보고 기뻐하여 모든 사람에게 굳은 마음으로 주께 붙어 있으라 권하니
262,C,난해,예레미야 42:11,나 여호와가 말하노라 너희는 그 두려워하는 바벨론 왕을 두려워말라 내가 너희와 함께 하여 너희를 구원하며 그의 손에서 너희를 건지리니 두려워 말라
263,C,난해,빌립보서 1:18,그러면 무엇이뇨? 외모로 하나 참으로 하나 무슨 방도로 하든지 전파되는 것은 그리스도니 이로써 내가 기뻐하고 또한 기뻐하리라
264,C,서사,역대하 32:7,너희는 마음을 강하게하며 담대히 하고 앗수르 왕과 그 좇는 온 무리로 인하여 두려워 말며 놀라지 말라 우리와 함께하는 자가 저와 함께하는 자보다 크니
265,B,,에베소서 4:3,평안의 매는 줄로 성령의 하나되게 하신 것을 힘써 지키라
266,C,난해,누가복음 10:6,만일 평안을 받을 사람이 거기 있으면 너희 빈 평안이 그에게 머물것이요 그렇지 않으면 너희에게로 돌아 오리라
267,B,,야고보서 3:17,오직 위로부터 난 지혜는 첫째 성결하고 다음에 화평하고 관용하고 양순하며 긍휼과 선한 열매가 가득하고 편벽과 거짓이 없나니
268,C,난해,베드로전서 4:13,오직 너희가 그리스도의 고난에 참예하는 것으로 즐거워하라 이는 그의 영광을 나타내실 때에 너희로 즐거워하고 기뻐하게 하려 함이라
269,C,난해,마태복음 10:13,그 집이 이에 합당하면 너희 빈 평안이 거기 임할 것이요 만일 합당치 아니하면 그 평안이 너희에게 돌아올 것이니라
270,B,,사무엘하 22:3,"나의 하나님이시요, 나의 피할 바위시요, 나의 방패시요, 나의 구원의 뿔이시요, 나의 높은 망대시요, 나의 피난처시요, 나의 구원자시라! 나를 흉악에서 구원하셨도다"
271,A,,시편 13:5,나는 오직 주의 인자하심을 의뢰하였사오니 내 마음은 주의 구원을 기뻐하리이다
272,A,,이사야 41:10,두려워 말라 내가 너와 함께 함이니라 놀라지 말라 나는 네 하나님이 됨이니라 내가 너를 굳세게 하리라 참으로 너를 도와 주리라 참으로 나의 의로운 오른손으로 너를 붙들리라
273,B,,잠언 13:9,의인의 빛은 환하게 빛나고 악인의 등불은 꺼지느니라
274,B,,로마서 5:1,그러므로 우리가 믿음으로 의롭다 하심을 얻었은즉 우리 주 예수 그리스도로 말미암아 하나님으로 더불어 화평을 누리자
275,C,조각,신명기 11:13,내가 오늘날 너희에게 명하는 나의 명령을 너희가 만일 청종하고 너희의 하나님 여호와를 사랑하여 마음을 다하고 성품을 다하여 섬기면
276,A,,고린도후서 1:4,우리의 모든 환난 중에서 우리를 위로하사 우리로 하여금 하나님께 받는 위로로써 모든 환난 중에 있는 자들을 능히 위로하게 하시는 이시로다
277,C,난해,요한복음 8:29,나를 보내신 이가 나와 함께 하시도다 내가 항상 그의 기뻐하시는 일을 행하므로 나를 혼자 두지 아니하셨느니라
278,A,,히브리서 4:16,그러므로 우리가 긍휼하심을 받고 때를 따라 돕는 은혜를 얻기 위하여 은혜의 보좌 앞에 담대히 나아갈 것이니라
279,B,,사도행전 10:38,하나님이 나사렛 예수에게 성령과 능력을 기름붓듯 하셨으매 저가 두루 다니시며 착한 일을 행하시고 마귀에게 눌린 모든 자를 고치셨으니 이는 하나님이 함께 하셨음이라
280,B,,예레미야 31:13,그 때에 처녀는 춤추며 즐거워하겠고 청년과 노인이 함께 즐거워하리니 내가 그들의 슬픔을 돌이켜 즐겁게 하며 그들을 위로하여 근심한 후에 기쁨을 얻게 할 것임이니라
281,C,인물,빌립보서 1:20,나의 간절한 기대와 소망을 따라 아무 일에든지 부끄럽지 아니하고 오직 전과 같이 이제도 온전히 담대하여 살든지 죽든지 내 몸에서 그리스도가 존귀히 되게 하려 하나니
282,C,서사,역대하 33:13,기도한고로 하나님이 그 기도를 받으시며 그 간구를 들으시사 저로 예루살렘에 돌아와서 다시 왕위에 거하게 하시매 므낫세가 그제야 여호와께서 하나님이신 줄을 알았더라
283,A,,에베소서 2:8,너희가 그 은혜를 인하여 믿음으로 말미암아 구원을 얻었나니 이것이 너희에게서 난 것이 아니요 하나님의 선물이라
284,B,,누가복음 1:45,믿은 여자에게 복이 있도다 주께서 그에게 하신 말씀이 반드시 이루리라
285,B,,야고보서 5:11,"보라, 인내하는 자를 우리가 복되다 하나니 너희가 욥의 인내를 들었고 주께서 주신 결말을 보았거니와 주는 가장 자비하시고 긍휼히 여기는 자시니라"
286,B,,베드로전서 5:5,젊은 자들아 이와 같이 장로들에게 순복하고 다 서로 겸손으로 허리를 동이라 하나님이 교만한 자를 대적하시되 겸손한 자들에게는 은혜를 주시느니라
287,A,,마태복음 6:34,그러므로 내일 일을 위하여 염려하지 말라 내일 일은 내일 염려할 것이요 한 날 괴로움은 그 날에 족하니라
288,A,,시편 34:18,여호와는 마음이 상한 자에게 가까이 하시고 중심에 통회하는 자를 구원하시는도다
289,B,,이사야 49:10,그들이 주리거나 목마르지 아니할 것이며 더위와 볕이 그들을 상하지 아니하리니 이는 그들을 긍휼히 여기는 자가 그들을 이끌되 샘물 근원으로 인도할 것임이니라
290,C,난해,잠언 15:24,지혜로운 자는 위로 향한 생명길로 말미암음으로 그 아래 있는 음부를 떠나게 되느니라
291,A,,로마서 12:2,너희는 이 세대를 본받지 말고 오직 마음을 새롭게 함으로 변화를 받아 하나님의 선하시고 기뻐하시고 온전하신 뜻이 무엇인지 분별하도록 하라
292,B,,신명기 3:22,너희는 그들을 두려워하지 말라! 너희 하나님 여호와 그가 너희를 위하여 싸우시리라! 하였노라
293,B,,고린도후서 4:6,어두운데서 빛이 비취리라 하시던 그 하나님께서 예수 그리스도의 얼굴에 있는 하나님의 영광을 아는 빛을 우리 마음에 비취셨느니라
294,C,서사,요한복음 20:20,이 말씀을 하시고 손과 옆구리를 보이시니 제자들이 주를 보고 기뻐하더라
295,C,서사,히브리서 11:7,믿음으로 노아는 아직 보지 못하는 일에 경고하심을 받아 경외함으로 방주를 예비하여 그 집을 구원하였으니 이로 말미암아 세상을 정죄하고 믿음을 좇는 의의 후사가 되었느니라
296,C,서사,사도행전 14:22,제자들의 마음을 굳게 하여 이 믿음에 거하라 권하고 또 우리가 하나님 나라에 들어가려면 많은 환난을 겪어야 할 것이라 하고
297,C,인물,예레미야 1:19,그들이 너를 치나 이기지 못하리니 이는 내가 너와 함께 하여 너를 구원할 것임이니라 여호와의 말이니라
298,C,난해,빌립보서 2:17,만일 너희 믿음의 제물과 봉사 위에 내가 나를 관제로 드릴지라도 나는 기뻐하고 너희 무리와 함께 기뻐하리니
299,C,인물,역대하 6:39,주는 계신 곳 하늘에서 저희의 기도와 간구를 들으시고 저희의 일을 돌아보옵시며 주께 득죄한 주의 백성을 용서하옵소서
300,A,,에베소서 5:8,너희가 전에는 어두움이더니 이제는 주 안에서 빛이라 빛의 자녀들처럼 행하라
301,A,,누가복음 6:37,비판치 말라 그리하면 너희가 비판을 받지 않을 것이요 정죄하지말라 그리하면 너희가 정죄를 받지 않을 것이요 용서하라 그리하면 너희가 용서를 받을 것이요
302,A,,시편 42:11,내 영혼아! 네가 어찌하여 낙망하며 어찌하여 내 속에서 불안하여 하는고 너는 하나님을 바라라! 나는 내 얼굴을 도우시는 내 하나님을 오히려 찬송하리로다
303,B,,이사야 33:6,너의 시대에 평안함이 있으며 구원과 지혜와 지식이 풍성할 것이니 여호와를 경외함이 너의 보배니라
304,A,,잠언 4:6,지혜를 버리지 말라 그가 너를 보호하리라 그를 사랑하라 그가 너를 지키리라
305,C,조각,로마서 5:2,또한 그로 말미암아 우리가 믿음으로 서있는 이 은혜에 들어감을 얻었으며 하나님의 영광을 바라고 즐거워하느니라
306,B,,신명기 7:21,너는 그들을 두려워 말라! 너희 하나님 여호와 곧 크고 두려운 하나님이 너희 중에 계심이니라
307,A,,고린도후서 12:9,내게 이르시기를 내 은혜가 네게 족하도다! 이는 내 능력이 약한데서 온전하여짐이라 하신지라 이러므로 도리어 크게 기뻐함으로나의 여러 약한 것들에 대하여 자랑하리니 이는 그리스도의 능력으로 내게 머물게 하려 함이라
308,B,,요한복음 1:1,태초에 말씀이 계시니라 이 말씀이 하나님과 함께 계셨으니 이 말씀은 곧 하나님이시니라
309,A,,히브리서 13:16,오직 선을 행함과 서로 나눠 주기를 잊지 말라 이같은 제사는 하나님이 기뻐하시느니라
310,C,인물,사도행전 20:24,나의 달려갈 길과 주 예수께 받은 사명 곧 하나님의 은혜의 복음 증거하는 일을 마치려 함에는 나의 생명을 조금도 귀한 것으로 여기지 아니하노라
311,B,,예레미야 1:8,너는 그들을 인하여 두려워 말라 내가 너와 함께 하여 너를 구원하리라 나 여호와의 말이니라 하시고
312,A,,빌립보서 4:6,아무 것도 염려하지 말고 오직 모든 일에 기도와 간구로 너희 구할 것을 감사함으로 하나님께 아뢰라
313,C,인물,역대하 6:19,"그러나 나의 하나님 여호와여, 종의 기도와 간구를 돌아보시며 종이 주의 앞에서 부르짖음과 비는 기도를 들으시옵소서"
314,B,,에베소서 4:2,모든 겸손과 온유로 하고 오래 참음으로 사랑 가운데서 서로 용납하고
315,A,,시편 121:2,나의 도움이 천지를 지으신 여호와에게서로다
316,B,,이사야 57:18,내가 그 길을 보았은즉 그를 고쳐 줄 것이라 그를 인도하며 그와 그의 슬퍼하는 자에게 위로를 다시 얻게 하리라
317,B,,잠언 11:30,의인의 열매는 생명나무라 지혜로운 자는 사람을 얻느니라
318,C,인사,로마서 16:20,평강의 하나님께서 속히 사단을 너희 발 아래서 상하게 하시리라 우리 주 예수의 은혜가 너희에게 있을지어다
319,C,율법,신명기 12:28,내가 네게 명하는 이 모든 말을 너는 듣고 지키라! 네 하나님 여호와의 목전에 선과 의를 행하면 너와 네 후손에게 영원히 복이 있으리라!
320,A,,고린도후서 12:10,"그러므로 내가 그리스도를 위하여 약한 것들과, 능욕과, 궁핍과, 핍박과, 곤란을 기뻐하노니 이는 내가 약할 그 때에 곧 강함이니라"
321,B,,요한복음 1:14,말씀이 육신이 되어 우리 가운데 거하시매 우리가 그 영광을 보니 아버지의 독생자의 영광이요 은혜와 진리가 충만하더라
322,B,,히브리서 3:1,그러므로 함께 하늘의 부르심을 입은 거룩한 형제들아! 우리의 믿는 도리의 사도시며 대제사장이신 예수를 깊이 생각하라!
323,C,서사,사도행전 13:48,이방인들이 듣고 기뻐하여 하나님의 말씀을 찬송하며 영생을 주시기로 작정된 자는 다 믿더라
324,B,,예레미야 20:13,여호와께 노래하라! 너희는 여호와를 찬양하라! 가난한 자의 생명을 행악자의 손에서 구원하셨음이니라
325,A,,빌립보서 2:5,너희 안에 이 마음을 품으라! 곧 그리스도 예수의 마음이니
326,A,,시편 28:7,여호와는 나의 힘과 나의 방패시니 내 마음이 저를 의지하여 도움을 얻었도다 그러므로 내 마음이 크게 기뻐하며 내 노래로 저를 찬송하리로다
327,B,,이사야 51:11,여호와께 구속된 자들이 돌아와서 노래하며 시온으로 들어와서 그 머리 위에 영영한 기쁨을 쓰고 즐거움과 기쁨을 얻으리니 슬픔과 탄식이 달아나리이다
328,B,,잠언 9:11,나 지혜로 말미암아 네 날이 많아질 것이요 네 생명의 해가 더하리라
329,B,,로마서 3:24,그리스도 예수 안에 있는 구속으로 말미암아 하나님의 은혜로 값없이 의롭다 하심을 얻은 자 되었느니라
330,A,,신명기 6:5,"너는 마음을 다하고, 성품을 다하고, 힘을 다하여 네 하나님 여호와를 사랑하라!"
331,A,,고린도후서 9:7,각각 그 마음에 정한 대로 할 것이요 인색함으로나 억지로 하지 말지니 하나님은 즐겨 내는 자를 사랑하시느니라!
332,A,,요한복음 15:11,내가 이것을 너희에게 이름은 내 기쁨이 너희 안에 있어 너희 기쁨을 충만하게 하려 함이니라
333,C,난해,히브리서 10:22,우리가 마음에 뿌림을 받아 양심의 악을 깨닫고 몸을 맑은 물로 씻었으니 참 마음과 온전한 믿음으로 하나님께 나아가자
334,C,인물,사도행전 24:15,저희의 기다리는 바 하나님께 향한 소망을 나도 가졌으니 곧 의인과 악인의 부활이 있으리라 함이라
335,A,,예레미야 17:14,"여호와여, 주는 나의 찬송이시오니 나를 고치소서 그리하시면 내가 낫겠나이다 나를 구원하소서 그리하시면 내가 구원을 얻으리이다"
336,B,,시편 149:4,여호와께서는 자기 백성을 기뻐하시며 겸손한 자를 구원으로 아름답게 하심이로다
337,A,,이사야 43:2,네가 물 가운데로 지날 때에 내가 함께할 것이라 강을 건널 때에 물이 너를 침몰치 못할 것이며 네가 불 가운데로 행할 때에 타지도 아니할 것이요 불꽃이 너를 사르지도 못하리니
338,A,,잠언 11:2,교만이 오면 욕도 오거니와 겸손한 자에게는 지혜가 있느니라
339,B,,로마서 5:5,소망이 부끄럽게 아니함은 우리에게 주신 성령으로 말미암아 하나님의 사랑이 우리 마음에 부은바 됨이니
340,A,,신명기 31:8,여호와 그가 네 앞서 행하시며 너와 함께 하사 너를 떠나지 아니하시며 버리지 아니하시리니 너는 두려워 말라! 놀라지 말라!
341,B,,고린도후서 8:9,우리 주 예수 그리스도의 은혜를 너희가 알거니와 부요하신 자로서 너희를 위하여 가난하게 되심은 그의 가난함을 인하여 너희로 부요케 하려 하심이니라
342,B,,요한복음 16:13,그러하나 진리의 성령이 오시면 그가 너희를 모든 진리 가운데로 인도하시리니 그가 자의로 말하지 않고 오직 듣는 것을 말하시며 장래 일을 너희에게 알리시리라
343,C,난해,히브리서 11:3,믿음으로 모든 세계가 하나님의 말씀으로 지어진 줄을 우리가 아나니 보이는 것은 나타난 것으로 말미암아 된 것이 아니니라
344,C,서사,사도행전 15:11,우리가 저희와 동일하게 주 예수의 은혜로 구원 받는 줄을 믿노라 하니라
345,A,,예레미야 29:11,나 여호와가 말하노라 너희를 향한 나의 생각은 내가 아나니 재앙이 아니라 곧 평안이요 너희 장래에 소망을 주려 하는 생각이라
346,B,,시편 30:4,주의 성도들아! 여호와를 찬송하며 그 거룩한 이름에 감사할지어다
347,A,,이사야 12:2,보라 하나님은 나의 구원이시라 내가 의뢰하고 두려움이 없으리니 주 여호와는 나의 힘이시며 나의 노래시며 나의 구원이심이라
348,B,,잠언 6:23,대저 명령은 등불이요 법은 빛이요 훈계의 책망은 곧 생명의 길이라
349,C,난해,로마서 7:25,우리 주 예수 그리스도로 말미암아 하나님께 감사하리로다 그런즉 내 자신이 마음으로는 하나님의 법을 육신으로는 죄의 법을 섬기노라
350,C,난해,신명기 10:15,여호와께서 오직 네 열조를 기뻐하시고 그들을 사랑하사 그 후손 너희를 만민 중에서 택하셨음이 오늘날과 같으니라
351,C,인물,고린도후서 7:13,이로 인하여 우리가 위로를 받았고 우리의 받은 위로 위에 디도의 기쁨으로 우리가 더욱 많이 기뻐함은 그의 마음이 너희 무리를 인하여 안심함을 얻었음이니라
352,A,,요한복음 16:33,이것을 너희에게 이름은 너희로 내 안에서 평안을 누리게 하려 함이라 세상에서는 너희가 환난을 당하나 담대하라! 내가 세상을 이기었노라! 하시니라
353,B,,히브리서 6:19,우리가 이 소망이 있는 것은 영혼의 닻 같아서 튼튼하고 견고하여 휘장 안에 들어가나니
354,C,서사,사도행전 27:24,바울아 두려워 말라 네가 가이사 앞에 서야 하겠고 또 하나님께서 너와 함께 행선하는 자를 다 네게 주셨다 하였으니
355,A,,시편 23:1,여호와는 나의 목자시니 내가 부족함이 없으리로다
356,B,,이사야 45:17,이스라엘은 여호와께 구원을 입어 영원한 구원을 얻으리니 영세에 부끄러움을 당하거나 욕을 받지 아니하리로다
357,A,,잠언 16:9,사람이 마음으로 자기의 길을 계획할지라도 그 걸음을 인도하는 자는 여호와시니라
358,B,,로마서 15:4,무엇이든지 전에 기록한 바는 우리의 교훈을 위하여 기록된 것이니 우리로 하여금 인내로 또는 성경의 안위로 소망을 가지게 함이니라
359,C,조각,신명기 30:2,너와 네 자손이 네 하나님 여호와께로 돌아와 내가 오늘날 네게 명한 것을 온전히 따라서 마음을 다하고 성품을 다하여 여호와의 말씀을 순종하면
360,B,,고린도후서 5:20,이러므로 우리가 그리스도를 대신하여 사신이 되어 하나님이 우리로 너희를 권면하시는 것 같이 그리스도를 대신하여 간구하노니 너희는 하나님과 화목하라!
361,B,,요한복음 13:1,유월절 전에 예수께서 자기가 세상을 떠나 아버지께로 돌아가실 때가 이른 줄 아시고 세상에 있는 자기 사람들을 사랑하시되 끝까지 사랑하시니라
362,A,,시편 146:5,야곱의 하나님으로 자기 도움을 삼으며 여호와 자기 하나님에게 그 소망을 두는 자는 복이 있도다
363,A,,이사야 54:10,산들은 떠나며 작은 산들은 옮길지라도 나의 인자는 네게서 떠나지 아니하며 화평케 하는 나의 언약은 옮기지 아니하리라 너를 긍휼히 여기는 여호와의 말이니라
364,A,,잠언 20:22,너는 악을 갚겠다 말하지 말고 여호와를 기다리라 그가 너를 구원하시리라
365,B,,로마서 1:17,복음에는 하나님의 의가 나타나서 믿음으로 믿음에 이르게 하나니 기록된 바 오직 의인은 믿음으로 말미암아 살리라 함과 같으니라
366,A,,시편 55:22,네 짐을 여호와께 맡겨 버리라 너를 붙드시고 의인의 요동함을 영영히 허락지 아니하시리로다
367,B,,이사야 58:8,그리하면 네 빛이 아침 같이 비췰 것이며 네 치료가 급속할 것이며 네 의가 네 앞에 행하고 여호와의 영광이 네 뒤에 호위하리니
368,A,,잠언 15:13,마음의 즐거움은 얼굴을 빛나게 하여도 마음의 근심은 심령을 상하게 하느니라
369,C,인사,로마서 1:8,첫째는 내가 예수 그리스도로 말미암아 너희 모든 사람을 인하여 내 하나님께 감사함은 너희 믿음이 온 세상에 전파됨이로다
370,B,,시편 56:13,주께서 내 생명을 사망에서 건지셨음이라 주께서 나로 하나님앞 생명의 빛에 다니게 하시려고 실족지 않게 하지 아니하셨나이까?
371,A,,이사야 66:13,어미가 자식을 위로함 같이 내가 너희를 위로할 것인즉 너희가 예루살렘에서 위로를 받으리니
372,C,난해,잠언 8:35,누구든지 내게 들으며 날마다 내 문 곁에서 기다리며 문설주 옆에서 기다리는 자는 복이 있나니
373,A,,로마서 8:28,우리가 알거니와 하나님을 사랑하는 자 곧 그 뜻대로 부르심을 입은 자들에게는 모든 것이 합력하여 선을 이루느니라
374,B,,시편 54:4,하나님은 나의 돕는 자시라 주께서 내 생명을 붙드는 자와 함께 하시나이다
375,A,,이사야 55:12,너희는 기쁨으로 나아가며 평안히 인도함을 받을 것이요 산들과 작은 산들이 너희 앞에서 노래를 발하고 들의 모든 나무가 손바닥을 칠 것이며
376,A,,잠언 3:18,지혜는 그 얻은 자에게 생명나무라 지혜를 가진 자는 복되도다
377,B,,시편 50:23,감사로 제사를 드리는 자가 나를 영화롭게 하나니 그 행위를 옳게 하는 자에게 내가 하나님의 구원을 보이리라
378,C,난해,이사야 30:26,여호와께서 그 백성의 상처를 싸매시며 그들의 맞은 자리를 고치시는 날에는 달빛은 햇빛 같겠고 햇빛은 칠 배가 되어 일곱 날의 빛과 같으리라
379,B,,시편 40:16,무릇 주를 찾는 자는 다 주로 즐거워하고 기뻐하게 하시며 주의 구원을 사랑하는 자는 항상 말하기를 여호와는 광대하시다 하게 하소서
380,A,,시편 118:24,이 날은 여호와의 정하신 것이라 이 날에 우리가 즐거워하고 기뻐하리로다
381,B,,시편 42:8,낮에는 여호와께서 그 인자함을 베푸시고 밤에는 그 찬송이 내게 있어 생명의 하나님께 기도하리로다
382,A,,시편 147:3,상심한 자를 고치시며 저희 상처를 싸매시는도다
383,A,,시편 23:4,내가 사망의 음침한 골짜기로 다닐지라도 해를 두려워하지 않을것은 주께서 나와 함께 하심이라 주의 지팡이와 막대기가 나를 안위하시나이다
384,A,,시편 27:1,여호와는 나의 빛이요 나의 구원이시니 내가 누구를 두려워하리요 여호와는 내 생명의 능력이시니 내가 누구를 무서워하리요
