reference,type,merged,len,text,note
시편 4:8,위안,,46,내가 평안히 눕고 자기도 하리니 나를 안전히 거하게 하시는 이는 오직 여호와시니이다,
시편 18:28,위안,,40,"주께서 나의 등불을 켜심이여, 여호와 내 하나님이 내 흑암을 밝히시리이다",
시편 20:4,교훈,,36,네 마음의 소원대로 허락하시고 네 모든 도모를 이루시기를 원하노라,
시편 23:4,위안,,74,내가 사망의 음침한 골짜기로 다닐지라도 해를 두려워하지 않을것은 주께서 나와 함께 하심이라 주의 지팡이와 막대기가 나를 안위하시나이다,
시편 27:5,위안,,66,여호와께서 환난 날에 나를 그 초막 속에 비밀히 지키시고 그 장막 은밀한 곳에 나를 숨기시며 바위 위에 높이 두시리로다,
시편 27:10,위안,,29,내 부모는 나를 버렸으나 여호와는 나를 영접하시리이다,
시편 27:14,교훈,,35,너는 여호와를 바랄지어다! 강하고 담대하며 여호와를 바랄지어다!,
시편 30:11,위안,,49,주께서 나의 슬픔을 변하여 춤이 되게 하시며 나의 베옷을 벗기고 기쁨으로 띠 띠우셨나이다,
시편 32:1,위안,,33,허물의 사함을 얻고 그 죄의 가리움을 받은 자는 복이 있도다,
시편 32:8,교훈,,33,내가 너의 갈 길을 가르쳐 보이고 너를 주목하여 훈계하리로다,
시편 34:4,위안,,40,내가 여호와께 구하매 내게 응답하시고 내 모든 두려움에서 나를 건지셨도다,
시편 34:14,교훈,,26,악을 버리고 선을 행하며 화평을 찾아 따를지어다,
시편 34:18,위안,,43,여호와는 마음이 상한 자에게 가까이 하시고 중심에 통회하는 자를 구원하시는도다,
시편 34:19,위안,,34,의인은 고난이 많으나 여호와께서 그 모든 고난에서 건지시는도다,
시편 37:4,위안,,35,또 여호와를 기뻐하라! 저가 네 마음의 소원을 이루어 주시리로다,
시편 37:5-6,교훈,합본,66,너의 길을 여호와께 맡기라! 저를 의지하면 저가 이루시고 네 의를 빛같이 나타내시며 네 공의를 정오의 빛같이 하시리로다,
시편 37:7,교훈,,58,여호와 앞에 잠잠하고 참아 기다리라! 자기 길이 형통하며 악한 꾀를 이루는 자를 인하여 불평하여 말지어다,
시편 37:11,교훈,,32,오직 온유한 자는 땅을 차지하며 풍부한 화평으로 즐기리로다,
시편 37:23-24,위안,합본,69,여호와께서 사람의 걸음을 정하시고 그 길을 기뻐하시나니 저는 넘어지나 아주 엎드러지지 아니함은 여호와께서 손으로 붙드심이로다,
시편 37:37,교훈,,40,완전한 사람을 살피고 정직한 자를 볼지어다 화평한 자의 결국은 평안이로다,
시편 40:1-2,위안,합본,96,내가 여호와를 기다리고 기다렸더니 귀를 기울이사 나의 부르짖음을 들으셨도다 나를 기가 막힐 웅덩이와 수렁에서 끌어 올리시고 내 발을 반석위에 두사 내 걸음을 견고케 하셨도다,
시편 42:11,위안,,84,내 영혼아! 네가 어찌하여 낙망하며 어찌하여 내 속에서 불안하여 하는고 너는 하나님을 바라라! 나는 내 얼굴을 도우시는 내 하나님을 오히려 찬송하리로다,
시편 50:15,위안,,40,환난 날에 나를 부르라! 내가 너를 건지리니 네가 나를 영화롭게 하리로다,
시편 51:10,위안,,44,"하나님이여, 내 속에 정한 마음을 창조하시고 내 안에 정직한 영을 새롭게 하소서",
시편 51:12,위안,,41,주의 구원의 즐거움을 내게 회복시키시고 자원하는 심령을 주사 나를 붙드소서,
시편 51:17,위안,,57,"하나님의 구하시는 제사는 상한 심령이라 하나님이여, 상하고 통회하는 마음을 주께서 멸시치 아니하시리이다",
시편 55:22,위안,,49,네 짐을 여호와께 맡겨 버리라 너를 붙드시고 의인의 요동함을 영영히 허락지 아니하시리로다,
시편 61:2,위안,,50,내 마음이 눌릴 때에 땅 끝에서부터 주께 부르짖으오리니 나보다 높은 바위에 나를 인도하소서,
시편 62:8,위안,,45,백성들아 시시로 저를 의지하고 그 앞에 마음을 토하라 하나님은 우리의 피난처시로다,
시편 73:23,위안,,31,내가 항상 주와 함께하니 주께서 내 오른손을 붙드셨나이다,
시편 86:7,위안,,36,나의 환난 날에 내가 주께 부르짖으리니 주께서 내게 응답하시리이다,
시편 90:14,위안,,40,아침에 주의 인자로 우리를 만족케 하사 우리 평생에 즐겁고 기쁘게 하소서,
시편 90:17,위안,,66,주 우리 하나님의 은총을 우리에게 임하게 하사 우리 손의 행사를 우리에게 견고케 하소서 우리 손의 행사를 견고케 하소서,
시편 94:18-19,위안,합본,80,"여호와여, 나의 발이 미끄러진다 말할 때에 주의 인자하심이 나를 붙드셨사오며 내 속에 생각이 많을 때에 주의 위안이 내 영혼을 즐겁게 하시나이다",
시편 97:11,위안,,38,의인을 위하여 빛을 뿌리고 마음이 정직한 자를 위하여 기쁨을 뿌렸도다,
시편 102:17,위안,,40,여호와께서 빈궁한 자의 기도를 돌아보시며 저희 기도를 멸시치 아니하셨도다,
시편 103:4-5,위안,합본,76,네 생명을 파멸에서 구속하시고 인자와 긍휼로 관을 씌우시며 좋은 것으로 네 소원을 만족케 하사 네 청춘으로 독수리 같이 새롭게 하시는도다,
시편 103:12-14,위안,합본,116,동이 서에서 먼 것 같이 우리 죄과를 우리에게서 멀리 옮기셨으며 아비가 자식을 불쌍히 여김 같이 여호와께서 자기를 경외하는 자를 불쌍히 여기시나니 이는 저가 우리의 체질을 아시며 우리가 진토임을 기억하심이로다,
시편 103:15,위안,,31,인생은 그 날이 풀과 같으며 그 영화가 들의 꽃과 같도다,
시편 106:3,교훈,,31,공의를 지키는 자들과 항상 의를 행하는 자는 복이 있도다,
시편 107:14,위안,,35,흑암과 사망의 그늘에서 인도하여 내시고 그 얽은 줄을 끊으셨도다,
시편 107:29,위안,,24,광풍을 평정히 하사 물결로 잔잔케 하시는도다,
시편 107:30,위안,,46,저희가 평온함을 인하여 기뻐하는 중에 여호와께서 저희를 소원의 항구로 인도하시는도다,
시편 112:4,위안,,43,정직한 자에게는 흑암 중에 빛이 일어나나니 그는 어질고 자비하고 의로운 자로다,
시편 112:7,위안,,45,"그는 흉한 소식을 두려워 아니함이여, 여호와를 의뢰하고 그 마음을 굳게 정하였도다",
시편 116:7,위안,,37,내 영혼아! 네 평안함에 돌아갈지어다 여호와께서 너를 후대하심이로다,
시편 116:8,위안,,44,"주께서 내 영혼을 사망에서, 내 눈을 눈물에서, 내 발을 넘어짐에서 건지셨나이다",
시편 118:5,위안,,47,내가 고통 중에 여호와께 부르짖었더니 여호와께서 답하시고 나를 광활한 곳에 세우셨도다,
시편 118:17,위안,,28,내가 죽지 않고 살아서 여호와의 행사를 선포하리로다,
시편 118:22-23,위안,합본,57,건축자의 버린 돌이 집 모퉁이의 머릿돌이 되었나니 이는 여호와의 행하신 것이요 우리 눈에 기이한 바로다,
시편 118:24,교훈,,39,이 날은 여호와의 정하신 것이라 이 날에 우리가 즐거워하고 기뻐하리로다,
시편 119:50,위안,,37,이 말씀은 나의 곤란 중에 위로라 주의 말씀이 나를 살리셨음이니이다,
시편 119:71,위안,,43,고난 당한 것이 내게 유익이라 이로 인하여 내가 주의 율례를 배우게 되었나이다,
시편 119:143,위안,,33,환난과 우환이 내게 미쳤으나 주의 계명은 나의 즐거움이니이다,
시편 121:1-2,위안,합본,54,내가 산을 향하여 눈을 들리라 나의 도움이 어디서 올꼬 나의 도움이 천지를 지으신 여호와에게서로다,
시편 121:3,위안,,41,여호와께서 너로 실족지 않게 하시며 너를 지키시는 자가 졸지 아니하시리로다,
시편 121:5-6,위안,합본,75,여호와는 너를 지키시는 자라 여호와께서 네 우편에서 네 그늘이 되시나니 낮의 해가 너를 상치 아니하며 밤의 달도 너를 해치 아니하리로다,
시편 121:8,위안,,29,여호와께서 너의 출입을 지금부터 영원까지 지키시리로다,
시편 124:7,위안,,50,우리 혼이 새가 사냥군의 올무에서 벗어남 같이 되었나니 올무가 끊어지므로 우리가 벗어났도다,
시편 126:5,위안,,28,눈물을 흘리며 씨를 뿌리는 자는 기쁨으로 거두리로다,
시편 127:2,교훈,,68,너희가 일찌기 일어나고 늦게 누우며 수고의 떡을 먹음이 헛되도다 그러므로 여호와께서 그 사랑하시는 자에게는 잠을 주시는도다,
시편 128:2,교훈,,34,네가 네 손이 수고한대로 먹을 것이라 네가 복되고 형통하리로다,
시편 131:2,위안,,70,실로 내가 내 심령으로 고요하고 평온케 하기를 젖 뗀 아이가 그 어미 품에 있음 같게 하였나니 내 중심이 젖 뗀 아이와 같도다,
시편 133:1,교훈,,29,형제가 연합하여 동거함이 어찌 그리 선하고 아름다운고,
시편 139:14,위안,,53,내가 주께 감사하옴은 나를 지으심이 신묘막측하심이라 주의 행사가 기이함을 내 영혼이 잘 아나이다,
시편 139:23-24,위안,합본,77,"하나님이여, 나를 살피사 내 마음을 아시며 나를 시험하사 내 뜻을 아옵소서 내게 무슨 악한 행위가 있나 보시고 나를 영원한 길로 인도하소서",
시편 140:12,위안,,47,내가 알거니와 여호와는 고난 당하는 자를 신원하시며 궁핍한 자에게 공의를 베푸시리이다,
시편 143:8,위안,,73,아침에 나로 주의 인자한 말씀을 듣게 하소서 내가 주를 의뢰함이니이다 나의 다닐 길을 알게 하소서 내가 내 영혼을 주께 받듦이니이다,
시편 145:16,위안,,26,손을 펴사 모든 생물의 소원을 만족케 하시나이다,
시편 145:18,위안,,50,여호와께서는 자기에게 간구하는 모든 자 곧 진실하게 간구하는 모든 자에게 가까이 하시는도다,
시편 146:9,위안,,43,여호와께서 객을 보호하시며 고아와 과부를 붙드시고 악인의 길은 굽게 하시는도다,
시편 147:3,위안,,25,상심한 자를 고치시며 저희 상처를 싸매시는도다,
